Month,Day,Storage_Type,Total_Capacity_Units,Used_Units,Utilization_Pct
109,1,Pallet,3583152,211486.47619047615,5.902246853900593
109,1,Racking,3107328,56635.428571428565,1.8226408210342957
109,1,Bins,10631520,106598.76190476191,1.0026671812192605
109,1,Hazmat,2015360,21832.880952380954,1.0833241183898141
109,2,Pallet,3583152,211486.47619047615,5.902246853900593
109,2,Racking,3107328,56635.428571428565,1.8226408210342957
109,2,Bins,10631520,106598.76190476191,1.0026671812192605
109,2,Hazmat,2015360,21832.880952380954,1.0833241183898141
109,3,Pallet,3583152,211486.47619047615,5.902246853900593
109,3,Racking,3107328,56635.428571428565,1.8226408210342957
109,3,Bins,10631520,106598.76190476191,1.0026671812192605
109,3,Hazmat,2015360,21832.880952380954,1.0833241183898141
109,4,Pallet,3583152,211486.47619047615,5.902246853900593
109,4,Racking,3107328,56635.428571428565,1.8226408210342957
109,4,Bins,10631520,106598.76190476191,1.0026671812192605
109,4,Hazmat,2015360,21832.880952380954,1.0833241183898141
109,5,Pallet,3583152,211486.47619047615,5.902246853900593
109,5,Racking,3107328,56635.428571428565,1.8226408210342957
109,5,Bins,10631520,106598.76190476191,1.0026671812192605
109,5,Hazmat,2015360,21832.880952380954,1.0833241183898141
109,6,Pallet,3583152,211486.47619047615,5.902246853900593
109,6,Racking,3107328,56635.428571428565,1.8226408210342957
109,6,Bins,10631520,106598.76190476191,1.0026671812192605
109,6,Hazmat,2015360,21832.880952380954,1.0833241183898141
109,7,Pallet,3583152,211486.47619047615,5.902246853900593
109,7,Racking,3107328,56635.428571428565,1.8226408210342957
109,7,Bins,10631520,106598.76190476191,1.0026671812192605
109,7,Hazmat,2015360,21832.880952380954,1.0833241183898141
109,8,Pallet,3583152,211486.47619047615,5.902246853900593
109,8,Racking,3107328,56635.428571428565,1.8226408210342957
109,8,Bins,10631520,106598.76190476191,1.0026671812192605
109,8,Hazmat,2015360,21832.880952380954,1.0833241183898141
109,9,Pallet,3583152,211486.47619047615,5.902246853900593
109,9,Racking,3107328,56635.428571428565,1.8226408210342957
109,9,Bins,10631520,106598.76190476191,1.0026671812192605
109,9,Hazmat,2015360,21832.880952380954,1.0833241183898141
109,10,Pallet,3583152,211486.47619047615,5.902246853900593
109,10,Racking,3107328,56635.428571428565,1.8226408210342957
109,10,Bins,10631520,106598.76190476191,1.0026671812192605
109,10,Hazmat,2015360,21832.880952380954,1.0833241183898141
109,11,Pallet,3583152,211486.47619047615,5.902246853900593
109,11,Racking,3107328,56635.428571428565,1.8226408210342957
109,11,Bins,10631520,106598.76190476191,1.0026671812192605
109,11,Hazmat,2015360,21832.880952380954,1.0833241183898141
109,12,Pallet,3583152,211486.47619047615,5.902246853900593
109,12,Racking,3107328,56635.428571428565,1.8226408210342957
109,12,Bins,10631520,106598.76190476191,1.0026671812192605
109,12,Hazmat,2015360,21832.880952380954,1.0833241183898141
109,13,Pallet,3583152,211486.47619047615,5.902246853900593
109,13,Racking,3107328,56635.428571428565,1.8226408210342957
109,13,Bins,10631520,106598.76190476191,1.0026671812192605
109,13,Hazmat,2015360,21832.880952380954,1.0833241183898141
109,14,Pallet,3583152,211486.47619047615,5.902246853900593
109,14,Racking,3107328,56635.428571428565,1.8226408210342957
109,14,Bins,10631520,106598.76190476191,1.0026671812192605
109,14,Hazmat,2015360,21832.880952380954,1.0833241183898141
109,15,Pallet,3583152,211486.47619047615,5.902246853900593
109,15,Racking,3107328,56635.428571428565,1.8226408210342957
109,15,Bins,10631520,106598.76190476191,1.0026671812192605
109,15,Hazmat,2015360,21832.880952380954,1.0833241183898141
109,16,Pallet,3583152,211486.47619047615,5.902246853900593
109,16,Racking,3107328,56635.428571428565,1.8226408210342957
109,16,Bins,10631520,106598.76190476191,1.0026671812192605
109,16,Hazmat,2015360,21832.880952380954,1.0833241183898141
109,17,Pallet,3583152,211486.47619047615,5.902246853900593
109,17,Racking,3107328,56635.428571428565,1.8226408210342957
109,17,Bins,10631520,106598.76190476191,1.0026671812192605
109,17,Hazmat,2015360,21832.880952380954,1.0833241183898141
109,18,Pallet,3583152,211486.47619047615,5.902246853900593
109,18,Racking,3107328,56635.428571428565,1.8226408210342957
109,18,Bins,10631520,106598.76190476191,1.0026671812192605
109,18,Hazmat,2015360,21832.880952380954,1.0833241183898141
109,19,Pallet,3583152,211486.47619047615,5.902246853900593
109,19,Racking,3107328,56635.428571428565,1.8226408210342957
109,19,Bins,10631520,106598.76190476191,1.0026671812192605
109,19,Hazmat,2015360,21832.880952380954,1.0833241183898141
109,20,Pallet,3583152,211486.47619047615,5.902246853900593
109,20,Racking,3107328,56635.428571428565,1.8226408210342957
109,20,Bins,10631520,106598.76190476191,1.0026671812192605
109,20,Hazmat,2015360,21832.880952380954,1.0833241183898141
109,21,Pallet,3583152,211486.47619047615,5.902246853900593
109,21,Racking,3107328,56635.428571428565,1.8226408210342957
109,21,Bins,10631520,106598.76190476191,1.0026671812192605
109,21,Hazmat,2015360,21832.880952380954,1.0833241183898141
110,1,Pallet,3583152,219317.11904761905,6.120787481179114
110,1,Racking,3107328,59931.23809523809,1.9287065316322607
110,1,Bins,10631520,105474.88095238096,0.992095965133687
110,1,Hazmat,2015360,23525.666666666668,1.1673183285699165
110,2,Pallet,3583152,219317.11904761905,6.120787481179114
110,2,Racking,3107328,59931.23809523809,1.9287065316322607
110,2,Bins,10631520,105474.88095238096,0.992095965133687
110,2,Hazmat,2015360,23525.666666666668,1.1673183285699165
110,3,Pallet,3583152,219317.11904761905,6.120787481179114
110,3,Racking,3107328,59931.23809523809,1.9287065316322607
110,3,Bins,10631520,105474.88095238096,0.992095965133687
110,3,Hazmat,2015360,23525.666666666668,1.1673183285699165
110,4,Pallet,3583152,219317.11904761905,6.120787481179114
110,4,Racking,3107328,59931.23809523809,1.9287065316322607
110,4,Bins,10631520,105474.88095238096,0.992095965133687
110,4,Hazmat,2015360,23525.666666666668,1.1673183285699165
110,5,Pallet,3583152,219317.11904761905,6.120787481179114
110,5,Racking,3107328,59931.23809523809,1.9287065316322607
110,5,Bins,10631520,105474.88095238096,0.992095965133687
110,5,Hazmat,2015360,23525.666666666668,1.1673183285699165
110,6,Pallet,3583152,219317.11904761905,6.120787481179114
110,6,Racking,3107328,59931.23809523809,1.9287065316322607
110,6,Bins,10631520,105474.88095238096,0.992095965133687
110,6,Hazmat,2015360,23525.666666666668,1.1673183285699165
110,7,Pallet,3583152,219317.11904761905,6.120787481179114
110,7,Racking,3107328,59931.23809523809,1.9287065316322607
110,7,Bins,10631520,105474.88095238096,0.992095965133687
110,7,Hazmat,2015360,23525.666666666668,1.1673183285699165
110,8,Pallet,3583152,219317.11904761905,6.120787481179114
110,8,Racking,3107328,59931.23809523809,1.9287065316322607
110,8,Bins,10631520,105474.88095238096,0.992095965133687
110,8,Hazmat,2015360,23525.666666666668,1.1673183285699165
110,9,Pallet,3583152,219317.11904761905,6.120787481179114
110,9,Racking,3107328,59931.23809523809,1.9287065316322607
110,9,Bins,10631520,105474.88095238096,0.992095965133687
110,9,Hazmat,2015360,23525.666666666668,1.1673183285699165
110,10,Pallet,3583152,219317.11904761905,6.120787481179114
110,10,Racking,3107328,59931.23809523809,1.9287065316322607
110,10,Bins,10631520,105474.88095238096,0.992095965133687
110,10,Hazmat,2015360,23525.666666666668,1.1673183285699165
110,11,Pallet,3583152,219317.11904761905,6.120787481179114
110,11,Racking,3107328,59931.23809523809,1.9287065316322607
110,11,Bins,10631520,105474.88095238096,0.992095965133687
110,11,Hazmat,2015360,23525.666666666668,1.1673183285699165
110,12,Pallet,3583152,219317.11904761905,6.120787481179114
110,12,Racking,3107328,59931.23809523809,1.9287065316322607
110,12,Bins,10631520,105474.88095238096,0.992095965133687
110,12,Hazmat,2015360,23525.666666666668,1.1673183285699165
110,13,Pallet,3583152,219317.11904761905,6.120787481179114
110,13,Racking,3107328,59931.23809523809,1.9287065316322607
110,13,Bins,10631520,105474.88095238096,0.992095965133687
110,13,Hazmat,2015360,23525.666666666668,1.1673183285699165
110,14,Pallet,3583152,219317.11904761905,6.120787481179114
110,14,Racking,3107328,59931.23809523809,1.9287065316322607
110,14,Bins,10631520,105474.88095238096,0.992095965133687
110,14,Hazmat,2015360,23525.666666666668,1.1673183285699165
110,15,Pallet,3583152,219317.11904761905,6.120787481179114
110,15,Racking,3107328,59931.23809523809,1.9287065316322607
110,15,Bins,10631520,105474.88095238096,0.992095965133687
110,15,Hazmat,2015360,23525.666666666668,1.1673183285699165
110,16,Pallet,3583152,219317.11904761905,6.120787481179114
110,16,Racking,3107328,59931.23809523809,1.9287065316322607
110,16,Bins,10631520,105474.88095238096,0.992095965133687
110,16,Hazmat,2015360,23525.666666666668,1.1673183285699165
110,17,Pallet,3583152,219317.11904761905,6.120787481179114
110,17,Racking,3107328,59931.23809523809,1.9287065316322607
110,17,Bins,10631520,105474.88095238096,0.992095965133687
110,17,Hazmat,2015360,23525.666666666668,1.1673183285699165
110,18,Pallet,3583152,219317.11904761905,6.120787481179114
110,18,Racking,3107328,59931.23809523809,1.9287065316322607
110,18,Bins,10631520,105474.88095238096,0.992095965133687
110,18,Hazmat,2015360,23525.666666666668,1.1673183285699165
110,19,Pallet,3583152,219317.11904761905,6.120787481179114
110,19,Racking,3107328,59931.23809523809,1.9287065316322607
110,19,Bins,10631520,105474.88095238096,0.992095965133687
110,19,Hazmat,2015360,23525.666666666668,1.1673183285699165
110,20,Pallet,3583152,219317.11904761905,6.120787481179114
110,20,Racking,3107328,59931.23809523809,1.9287065316322607
110,20,Bins,10631520,105474.88095238096,0.992095965133687
110,20,Hazmat,2015360,23525.666666666668,1.1673183285699165
110,21,Pallet,3583152,219317.11904761905,6.120787481179114
110,21,Racking,3107328,59931.23809523809,1.9287065316322607
110,21,Bins,10631520,105474.88095238096,0.992095965133687
110,21,Hazmat,2015360,23525.666666666668,1.1673183285699165
111,1,Pallet,3583152,235221.07142857142,6.5646411714761586
111,1,Racking,3107328,61370.214285714275,1.9750156496422095
111,1,Bins,10631520,103731.95238095238,0.9757019916338622
111,1,Hazmat,2015360,26551.88095238095,1.3174758332199186
111,2,Pallet,3583152,235221.07142857142,6.5646411714761586
111,2,Racking,3107328,61370.214285714275,1.9750156496422095
111,2,Bins,10631520,103731.95238095238,0.9757019916338622
111,2,Hazmat,2015360,26551.88095238095,1.3174758332199186
111,3,Pallet,3583152,235221.07142857142,6.5646411714761586
111,3,Racking,3107328,61370.214285714275,1.9750156496422095
111,3,Bins,10631520,103731.95238095238,0.9757019916338622
111,3,Hazmat,2015360,26551.88095238095,1.3174758332199186
111,4,Pallet,3583152,235221.07142857142,6.5646411714761586
111,4,Racking,3107328,61370.214285714275,1.9750156496422095
111,4,Bins,10631520,103731.95238095238,0.9757019916338622
111,4,Hazmat,2015360,26551.88095238095,1.3174758332199186
111,5,Pallet,3583152,235221.07142857142,6.5646411714761586
111,5,Racking,3107328,61370.214285714275,1.9750156496422095
111,5,Bins,10631520,103731.95238095238,0.9757019916338622
111,5,Hazmat,2015360,26551.88095238095,1.3174758332199186
111,6,Pallet,3583152,235221.07142857142,6.5646411714761586
111,6,Racking,3107328,61370.214285714275,1.9750156496422095
111,6,Bins,10631520,103731.95238095238,0.9757019916338622
111,6,Hazmat,2015360,26551.88095238095,1.3174758332199186
111,7,Pallet,3583152,235221.07142857142,6.5646411714761586
111,7,Racking,3107328,61370.214285714275,1.9750156496422095
111,7,Bins,10631520,103731.95238095238,0.9757019916338622
111,7,Hazmat,2015360,26551.88095238095,1.3174758332199186
111,8,Pallet,3583152,235221.07142857142,6.5646411714761586
111,8,Racking,3107328,61370.214285714275,1.9750156496422095
111,8,Bins,10631520,103731.95238095238,0.9757019916338622
111,8,Hazmat,2015360,26551.88095238095,1.3174758332199186
111,9,Pallet,3583152,235221.07142857142,6.5646411714761586
111,9,Racking,3107328,61370.214285714275,1.9750156496422095
111,9,Bins,10631520,103731.95238095238,0.9757019916338622
111,9,Hazmat,2015360,26551.88095238095,1.3174758332199186
111,10,Pallet,3583152,235221.07142857142,6.5646411714761586
111,10,Racking,3107328,61370.214285714275,1.9750156496422095
111,10,Bins,10631520,103731.95238095238,0.9757019916338622
111,10,Hazmat,2015360,26551.88095238095,1.3174758332199186
111,11,Pallet,3583152,235221.07142857142,6.5646411714761586
111,11,Racking,3107328,61370.214285714275,1.9750156496422095
111,11,Bins,10631520,103731.95238095238,0.9757019916338622
111,11,Hazmat,2015360,26551.88095238095,1.3174758332199186
111,12,Pallet,3583152,235221.07142857142,6.5646411714761586
111,12,Racking,3107328,61370.214285714275,1.9750156496422095
111,12,Bins,10631520,103731.95238095238,0.9757019916338622
111,12,Hazmat,2015360,26551.88095238095,1.3174758332199186
111,13,Pallet,3583152,235221.07142857142,6.5646411714761586
111,13,Racking,3107328,61370.214285714275,1.9750156496422095
111,13,Bins,10631520,103731.95238095238,0.9757019916338622
111,13,Hazmat,2015360,26551.88095238095,1.3174758332199186
111,14,Pallet,3583152,235221.07142857142,6.5646411714761586
111,14,Racking,3107328,61370.214285714275,1.9750156496422095
111,14,Bins,10631520,103731.95238095238,0.9757019916338622
111,14,Hazmat,2015360,26551.88095238095,1.3174758332199186
111,15,Pallet,3583152,235221.07142857142,6.5646411714761586
111,15,Racking,3107328,61370.214285714275,1.9750156496422095
111,15,Bins,10631520,103731.95238095238,0.9757019916338622
111,15,Hazmat,2015360,26551.88095238095,1.3174758332199186
111,16,Pallet,3583152,235221.07142857142,6.5646411714761586
111,16,Racking,3107328,61370.214285714275,1.9750156496422095
111,16,Bins,10631520,103731.95238095238,0.9757019916338622
111,16,Hazmat,2015360,26551.88095238095,1.3174758332199186
111,17,Pallet,3583152,235221.07142857142,6.5646411714761586
111,17,Racking,3107328,61370.214285714275,1.9750156496422095
111,17,Bins,10631520,103731.95238095238,0.9757019916338622
111,17,Hazmat,2015360,26551.88095238095,1.3174758332199186
111,18,Pallet,3583152,235221.07142857142,6.5646411714761586
111,18,Racking,3107328,61370.214285714275,1.9750156496422095
111,18,Bins,10631520,103731.95238095238,0.9757019916338622
111,18,Hazmat,2015360,26551.88095238095,1.3174758332199186
111,19,Pallet,3583152,235221.07142857142,6.5646411714761586
111,19,Racking,3107328,61370.214285714275,1.9750156496422095
111,19,Bins,10631520,103731.95238095238,0.9757019916338622
111,19,Hazmat,2015360,26551.88095238095,1.3174758332199186
111,20,Pallet,3583152,235221.07142857142,6.5646411714761586
111,20,Racking,3107328,61370.214285714275,1.9750156496422095
111,20,Bins,10631520,103731.95238095238,0.9757019916338622
111,20,Hazmat,2015360,26551.88095238095,1.3174758332199186
111,21,Pallet,3583152,235221.07142857142,6.5646411714761586
111,21,Racking,3107328,61370.214285714275,1.9750156496422095
111,21,Bins,10631520,103731.95238095238,0.9757019916338622
111,21,Hazmat,2015360,26551.88095238095,1.3174758332199186
112,1,Pallet,3583152,250627.92857142855,6.994621734479267
112,1,Racking,3107328,65019.19047619048,2.092446966531711
112,1,Bins,10631520,114110.90476190476,1.073326342441201
112,1,Hazmat,2015360,27508.309523809523,1.3649327923452645
112,2,Pallet,3583152,250627.92857142855,6.994621734479267
112,2,Racking,3107328,65019.19047619048,2.092446966531711
112,2,Bins,10631520,114110.90476190476,1.073326342441201
112,2,Hazmat,2015360,27508.309523809523,1.3649327923452645
112,3,Pallet,3583152,250627.92857142855,6.994621734479267
112,3,Racking,3107328,65019.19047619048,2.092446966531711
112,3,Bins,10631520,114110.90476190476,1.073326342441201
112,3,Hazmat,2015360,27508.309523809523,1.3649327923452645
112,4,Pallet,3583152,250627.92857142855,6.994621734479267
112,4,Racking,3107328,65019.19047619048,2.092446966531711
112,4,Bins,10631520,114110.90476190476,1.073326342441201
112,4,Hazmat,2015360,27508.309523809523,1.3649327923452645
112,5,Pallet,3583152,250627.92857142855,6.994621734479267
112,5,Racking,3107328,65019.19047619048,2.092446966531711
112,5,Bins,10631520,114110.90476190476,1.073326342441201
112,5,Hazmat,2015360,27508.309523809523,1.3649327923452645
112,6,Pallet,3583152,250627.92857142855,6.994621734479267
112,6,Racking,3107328,65019.19047619048,2.092446966531711
112,6,Bins,10631520,114110.90476190476,1.073326342441201
112,6,Hazmat,2015360,27508.309523809523,1.3649327923452645
112,7,Pallet,3583152,250627.92857142855,6.994621734479267
112,7,Racking,3107328,65019.19047619048,2.092446966531711
112,7,Bins,10631520,114110.90476190476,1.073326342441201
112,7,Hazmat,2015360,27508.309523809523,1.3649327923452645
112,8,Pallet,3583152,250627.92857142855,6.994621734479267
112,8,Racking,3107328,65019.19047619048,2.092446966531711
112,8,Bins,10631520,114110.90476190476,1.073326342441201
112,8,Hazmat,2015360,27508.309523809523,1.3649327923452645
112,9,Pallet,3583152,250627.92857142855,6.994621734479267
112,9,Racking,3107328,65019.19047619048,2.092446966531711
112,9,Bins,10631520,114110.90476190476,1.073326342441201
112,9,Hazmat,2015360,27508.309523809523,1.3649327923452645
112,10,Pallet,3583152,250627.92857142855,6.994621734479267
112,10,Racking,3107328,65019.19047619048,2.092446966531711
112,10,Bins,10631520,114110.90476190476,1.073326342441201
112,10,Hazmat,2015360,27508.309523809523,1.3649327923452645
112,11,Pallet,3583152,250627.92857142855,6.994621734479267
112,11,Racking,3107328,65019.19047619048,2.092446966531711
112,11,Bins,10631520,114110.90476190476,1.073326342441201
112,11,Hazmat,2015360,27508.309523809523,1.3649327923452645
112,12,Pallet,3583152,250627.92857142855,6.994621734479267
112,12,Racking,3107328,65019.19047619048,2.092446966531711
112,12,Bins,10631520,114110.90476190476,1.073326342441201
112,12,Hazmat,2015360,27508.309523809523,1.3649327923452645
112,13,Pallet,3583152,250627.92857142855,6.994621734479267
112,13,Racking,3107328,65019.19047619048,2.092446966531711
112,13,Bins,10631520,114110.90476190476,1.073326342441201
112,13,Hazmat,2015360,27508.309523809523,1.3649327923452645
112,14,Pallet,3583152,250627.92857142855,6.994621734479267
112,14,Racking,3107328,65019.19047619048,2.092446966531711
112,14,Bins,10631520,114110.90476190476,1.073326342441201
112,14,Hazmat,2015360,27508.309523809523,1.3649327923452645
112,15,Pallet,3583152,250627.92857142855,6.994621734479267
112,15,Racking,3107328,65019.19047619048,2.092446966531711
112,15,Bins,10631520,114110.90476190476,1.073326342441201
112,15,Hazmat,2015360,27508.309523809523,1.3649327923452645
112,16,Pallet,3583152,250627.92857142855,6.994621734479267
112,16,Racking,3107328,65019.19047619048,2.092446966531711
112,16,Bins,10631520,114110.90476190476,1.073326342441201
112,16,Hazmat,2015360,27508.309523809523,1.3649327923452645
112,17,Pallet,3583152,250627.92857142855,6.994621734479267
112,17,Racking,3107328,65019.19047619048,2.092446966531711
112,17,Bins,10631520,114110.90476190476,1.073326342441201
112,17,Hazmat,2015360,27508.309523809523,1.3649327923452645
112,18,Pallet,3583152,250627.92857142855,6.994621734479267
112,18,Racking,3107328,65019.19047619048,2.092446966531711
112,18,Bins,10631520,114110.90476190476,1.073326342441201
112,18,Hazmat,2015360,27508.309523809523,1.3649327923452645
112,19,Pallet,3583152,250627.92857142855,6.994621734479267
112,19,Racking,3107328,65019.19047619048,2.092446966531711
112,19,Bins,10631520,114110.90476190476,1.073326342441201
112,19,Hazmat,2015360,27508.309523809523,1.3649327923452645
112,20,Pallet,3583152,250627.92857142855,6.994621734479267
112,20,Racking,3107328,65019.19047619048,2.092446966531711
112,20,Bins,10631520,114110.90476190476,1.073326342441201
112,20,Hazmat,2015360,27508.309523809523,1.3649327923452645
112,21,Pallet,3583152,250627.92857142855,6.994621734479267
112,21,Racking,3107328,65019.19047619048,2.092446966531711
112,21,Bins,10631520,114110.90476190476,1.073326342441201
112,21,Hazmat,2015360,27508.309523809523,1.3649327923452645
113,1,Pallet,3583152,290051.04761904763,8.094857477970448
113,1,Racking,3107328,70941.61904761904,2.283042506218173
113,1,Bins,10631520,140133.5,1.3180946844853794
113,1,Hazmat,2015360,27520.380952380954,1.3655317636740312
113,2,Pallet,3583152,290051.04761904763,8.094857477970448
113,2,Racking,3107328,70941.61904761904,2.283042506218173
113,2,Bins,10631520,140133.5,1.3180946844853794
113,2,Hazmat,2015360,27520.380952380954,1.3655317636740312
113,3,Pallet,3583152,290051.04761904763,8.094857477970448
113,3,Racking,3107328,70941.61904761904,2.283042506218173
113,3,Bins,10631520,140133.5,1.3180946844853794
113,3,Hazmat,2015360,27520.380952380954,1.3655317636740312
113,4,Pallet,3583152,290051.04761904763,8.094857477970448
113,4,Racking,3107328,70941.61904761904,2.283042506218173
113,4,Bins,10631520,140133.5,1.3180946844853794
113,4,Hazmat,2015360,27520.380952380954,1.3655317636740312
113,5,Pallet,3583152,290051.04761904763,8.094857477970448
113,5,Racking,3107328,70941.61904761904,2.283042506218173
113,5,Bins,10631520,140133.5,1.3180946844853794
113,5,Hazmat,2015360,27520.380952380954,1.3655317636740312
113,6,Pallet,3583152,290051.04761904763,8.094857477970448
113,6,Racking,3107328,70941.61904761904,2.283042506218173
113,6,Bins,10631520,140133.5,1.3180946844853794
113,6,Hazmat,2015360,27520.380952380954,1.3655317636740312
113,7,Pallet,3583152,290051.04761904763,8.094857477970448
113,7,Racking,3107328,70941.61904761904,2.283042506218173
113,7,Bins,10631520,140133.5,1.3180946844853794
113,7,Hazmat,2015360,27520.380952380954,1.3655317636740312
113,8,Pallet,3583152,290051.04761904763,8.094857477970448
113,8,Racking,3107328,70941.61904761904,2.283042506218173
113,8,Bins,10631520,140133.5,1.3180946844853794
113,8,Hazmat,2015360,27520.380952380954,1.3655317636740312
113,9,Pallet,3583152,290051.04761904763,8.094857477970448
113,9,Racking,3107328,70941.61904761904,2.283042506218173
113,9,Bins,10631520,140133.5,1.3180946844853794
113,9,Hazmat,2015360,27520.380952380954,1.3655317636740312
113,10,Pallet,3583152,290051.04761904763,8.094857477970448
113,10,Racking,3107328,70941.61904761904,2.283042506218173
113,10,Bins,10631520,140133.5,1.3180946844853794
113,10,Hazmat,2015360,27520.380952380954,1.3655317636740312
113,11,Pallet,3583152,290051.04761904763,8.094857477970448
113,11,Racking,3107328,70941.61904761904,2.283042506218173
113,11,Bins,10631520,140133.5,1.3180946844853794
113,11,Hazmat,2015360,27520.380952380954,1.3655317636740312
113,12,Pallet,3583152,290051.04761904763,8.094857477970448
113,12,Racking,3107328,70941.61904761904,2.283042506218173
113,12,Bins,10631520,140133.5,1.3180946844853794
113,12,Hazmat,2015360,27520.380952380954,1.3655317636740312
113,13,Pallet,3583152,290051.04761904763,8.094857477970448
113,13,Racking,3107328,70941.61904761904,2.283042506218173
113,13,Bins,10631520,140133.5,1.3180946844853794
113,13,Hazmat,2015360,27520.380952380954,1.3655317636740312
113,14,Pallet,3583152,290051.04761904763,8.094857477970448
113,14,Racking,3107328,70941.61904761904,2.283042506218173
113,14,Bins,10631520,140133.5,1.3180946844853794
113,14,Hazmat,2015360,27520.380952380954,1.3655317636740312
113,15,Pallet,3583152,290051.04761904763,8.094857477970448
113,15,Racking,3107328,70941.61904761904,2.283042506218173
113,15,Bins,10631520,140133.5,1.3180946844853794
113,15,Hazmat,2015360,27520.380952380954,1.3655317636740312
113,16,Pallet,3583152,290051.04761904763,8.094857477970448
113,16,Racking,3107328,70941.61904761904,2.283042506218173
113,16,Bins,10631520,140133.5,1.3180946844853794
113,16,Hazmat,2015360,27520.380952380954,1.3655317636740312
113,17,Pallet,3583152,290051.04761904763,8.094857477970448
113,17,Racking,3107328,70941.61904761904,2.283042506218173
113,17,Bins,10631520,140133.5,1.3180946844853794
113,17,Hazmat,2015360,27520.380952380954,1.3655317636740312
113,18,Pallet,3583152,290051.04761904763,8.094857477970448
113,18,Racking,3107328,70941.61904761904,2.283042506218173
113,18,Bins,10631520,140133.5,1.3180946844853794
113,18,Hazmat,2015360,27520.380952380954,1.3655317636740312
113,19,Pallet,3583152,290051.04761904763,8.094857477970448
113,19,Racking,3107328,70941.61904761904,2.283042506218173
113,19,Bins,10631520,140133.5,1.3180946844853794
113,19,Hazmat,2015360,27520.380952380954,1.3655317636740312
113,20,Pallet,3583152,290051.04761904763,8.094857477970448
113,20,Racking,3107328,70941.61904761904,2.283042506218173
113,20,Bins,10631520,140133.5,1.3180946844853794
113,20,Hazmat,2015360,27520.380952380954,1.3655317636740312
113,21,Pallet,3583152,290051.04761904763,8.094857477970448
113,21,Racking,3107328,70941.61904761904,2.283042506218173
113,21,Bins,10631520,140133.5,1.3180946844853794
113,21,Hazmat,2015360,27520.380952380954,1.3655317636740312
114,1,Pallet,3583152,290528.9523809524,8.108195029989027
114,1,Racking,3107328,77651.47619047618,2.4989790646650816
114,1,Bins,10631520,140626.2619047619,1.3227295993871233
114,1,Hazmat,2015360,29831.595238095237,1.4802117357740174
114,2,Pallet,3583152,290528.9523809524,8.108195029989027
114,2,Racking,3107328,77651.47619047618,2.4989790646650816
114,2,Bins,10631520,140626.2619047619,1.3227295993871233
114,2,Hazmat,2015360,29831.595238095237,1.4802117357740174
114,3,Pallet,3583152,290528.9523809524,8.108195029989027
114,3,Racking,3107328,77651.47619047618,2.4989790646650816
114,3,Bins,10631520,140626.2619047619,1.3227295993871233
114,3,Hazmat,2015360,29831.595238095237,1.4802117357740174
114,4,Pallet,3583152,290528.9523809524,8.108195029989027
114,4,Racking,3107328,77651.47619047618,2.4989790646650816
114,4,Bins,10631520,140626.2619047619,1.3227295993871233
114,4,Hazmat,2015360,29831.595238095237,1.4802117357740174
114,5,Pallet,3583152,290528.9523809524,8.108195029989027
114,5,Racking,3107328,77651.47619047618,2.4989790646650816
114,5,Bins,10631520,140626.2619047619,1.3227295993871233
114,5,Hazmat,2015360,29831.595238095237,1.4802117357740174
114,6,Pallet,3583152,290528.9523809524,8.108195029989027
114,6,Racking,3107328,77651.47619047618,2.4989790646650816
114,6,Bins,10631520,140626.2619047619,1.3227295993871233
114,6,Hazmat,2015360,29831.595238095237,1.4802117357740174
114,7,Pallet,3583152,290528.9523809524,8.108195029989027
114,7,Racking,3107328,77651.47619047618,2.4989790646650816
114,7,Bins,10631520,140626.2619047619,1.3227295993871233
114,7,Hazmat,2015360,29831.595238095237,1.4802117357740174
114,8,Pallet,3583152,290528.9523809524,8.108195029989027
114,8,Racking,3107328,77651.47619047618,2.4989790646650816
114,8,Bins,10631520,140626.2619047619,1.3227295993871233
114,8,Hazmat,2015360,29831.595238095237,1.4802117357740174
114,9,Pallet,3583152,290528.9523809524,8.108195029989027
114,9,Racking,3107328,77651.47619047618,2.4989790646650816
114,9,Bins,10631520,140626.2619047619,1.3227295993871233
114,9,Hazmat,2015360,29831.595238095237,1.4802117357740174
114,10,Pallet,3583152,290528.9523809524,8.108195029989027
114,10,Racking,3107328,77651.47619047618,2.4989790646650816
114,10,Bins,10631520,140626.2619047619,1.3227295993871233
114,10,Hazmat,2015360,29831.595238095237,1.4802117357740174
114,11,Pallet,3583152,290528.9523809524,8.108195029989027
114,11,Racking,3107328,77651.47619047618,2.4989790646650816
114,11,Bins,10631520,140626.2619047619,1.3227295993871233
114,11,Hazmat,2015360,29831.595238095237,1.4802117357740174
114,12,Pallet,3583152,290528.9523809524,8.108195029989027
114,12,Racking,3107328,77651.47619047618,2.4989790646650816
114,12,Bins,10631520,140626.2619047619,1.3227295993871233
114,12,Hazmat,2015360,29831.595238095237,1.4802117357740174
114,13,Pallet,3583152,290528.9523809524,8.108195029989027
114,13,Racking,3107328,77651.47619047618,2.4989790646650816
114,13,Bins,10631520,140626.2619047619,1.3227295993871233
114,13,Hazmat,2015360,29831.595238095237,1.4802117357740174
114,14,Pallet,3583152,290528.9523809524,8.108195029989027
114,14,Racking,3107328,77651.47619047618,2.4989790646650816
114,14,Bins,10631520,140626.2619047619,1.3227295993871233
114,14,Hazmat,2015360,29831.595238095237,1.4802117357740174
114,15,Pallet,3583152,290528.9523809524,8.108195029989027
114,15,Racking,3107328,77651.47619047618,2.4989790646650816
114,15,Bins,10631520,140626.2619047619,1.3227295993871233
114,15,Hazmat,2015360,29831.595238095237,1.4802117357740174
114,16,Pallet,3583152,290528.9523809524,8.108195029989027
114,16,Racking,3107328,77651.47619047618,2.4989790646650816
114,16,Bins,10631520,140626.2619047619,1.3227295993871233
114,16,Hazmat,2015360,29831.595238095237,1.4802117357740174
114,17,Pallet,3583152,290528.9523809524,8.108195029989027
114,17,Racking,3107328,77651.47619047618,2.4989790646650816
114,17,Bins,10631520,140626.2619047619,1.3227295993871233
114,17,Hazmat,2015360,29831.595238095237,1.4802117357740174
114,18,Pallet,3583152,290528.9523809524,8.108195029989027
114,18,Racking,3107328,77651.47619047618,2.4989790646650816
114,18,Bins,10631520,140626.2619047619,1.3227295993871233
114,18,Hazmat,2015360,29831.595238095237,1.4802117357740174
114,19,Pallet,3583152,290528.9523809524,8.108195029989027
114,19,Racking,3107328,77651.47619047618,2.4989790646650816
114,19,Bins,10631520,140626.2619047619,1.3227295993871233
114,19,Hazmat,2015360,29831.595238095237,1.4802117357740174
114,20,Pallet,3583152,290528.9523809524,8.108195029989027
114,20,Racking,3107328,77651.47619047618,2.4989790646650816
114,20,Bins,10631520,140626.2619047619,1.3227295993871233
114,20,Hazmat,2015360,29831.595238095237,1.4802117357740174
114,21,Pallet,3583152,290528.9523809524,8.108195029989027
114,21,Racking,3107328,77651.47619047618,2.4989790646650816
114,21,Bins,10631520,140626.2619047619,1.3227295993871233
114,21,Hazmat,2015360,29831.595238095237,1.4802117357740174
115,1,Pallet,3583152,403320.6666666667,11.256030072591582
115,1,Racking,3107328,106569.35714285713,3.429614033113245
115,1,Bins,10631520,185190.88095238095,1.7419040828816665
115,1,Hazmat,2015360,37223.0238095238,1.8469664878495058
115,2,Pallet,3583152,403320.6666666667,11.256030072591582
115,2,Racking,3107328,106569.35714285713,3.429614033113245
115,2,Bins,10631520,185190.88095238095,1.7419040828816665
115,2,Hazmat,2015360,37223.0238095238,1.8469664878495058
115,3,Pallet,3583152,403320.6666666667,11.256030072591582
115,3,Racking,3107328,106569.35714285713,3.429614033113245
115,3,Bins,10631520,185190.88095238095,1.7419040828816665
115,3,Hazmat,2015360,37223.0238095238,1.8469664878495058
115,4,Pallet,3583152,403320.6666666667,11.256030072591582
115,4,Racking,3107328,106569.35714285713,3.429614033113245
115,4,Bins,10631520,185190.88095238095,1.7419040828816665
115,4,Hazmat,2015360,37223.0238095238,1.8469664878495058
115,5,Pallet,3583152,403320.6666666667,11.256030072591582
115,5,Racking,3107328,106569.35714285713,3.429614033113245
115,5,Bins,10631520,185190.88095238095,1.7419040828816665
115,5,Hazmat,2015360,37223.0238095238,1.8469664878495058
115,6,Pallet,3583152,403320.6666666667,11.256030072591582
115,6,Racking,3107328,106569.35714285713,3.429614033113245
115,6,Bins,10631520,185190.88095238095,1.7419040828816665
115,6,Hazmat,2015360,37223.0238095238,1.8469664878495058
115,7,Pallet,3583152,403320.6666666667,11.256030072591582
115,7,Racking,3107328,106569.35714285713,3.429614033113245
115,7,Bins,10631520,185190.88095238095,1.7419040828816665
115,7,Hazmat,2015360,37223.0238095238,1.8469664878495058
115,8,Pallet,3583152,403320.6666666667,11.256030072591582
115,8,Racking,3107328,106569.35714285713,3.429614033113245
115,8,Bins,10631520,185190.88095238095,1.7419040828816665
115,8,Hazmat,2015360,37223.0238095238,1.8469664878495058
115,9,Pallet,3583152,403320.6666666667,11.256030072591582
115,9,Racking,3107328,106569.35714285713,3.429614033113245
115,9,Bins,10631520,185190.88095238095,1.7419040828816665
115,9,Hazmat,2015360,37223.0238095238,1.8469664878495058
115,10,Pallet,3583152,403320.6666666667,11.256030072591582
115,10,Racking,3107328,106569.35714285713,3.429614033113245
115,10,Bins,10631520,185190.88095238095,1.7419040828816665
115,10,Hazmat,2015360,37223.0238095238,1.8469664878495058
115,11,Pallet,3583152,403320.6666666667,11.256030072591582
115,11,Racking,3107328,106569.35714285713,3.429614033113245
115,11,Bins,10631520,185190.88095238095,1.7419040828816665
115,11,Hazmat,2015360,37223.0238095238,1.8469664878495058
115,12,Pallet,3583152,403320.6666666667,11.256030072591582
115,12,Racking,3107328,106569.35714285713,3.429614033113245
115,12,Bins,10631520,185190.88095238095,1.7419040828816665
115,12,Hazmat,2015360,37223.0238095238,1.8469664878495058
115,13,Pallet,3583152,403320.6666666667,11.256030072591582
115,13,Racking,3107328,106569.35714285713,3.429614033113245
115,13,Bins,10631520,185190.88095238095,1.7419040828816665
115,13,Hazmat,2015360,37223.0238095238,1.8469664878495058
115,14,Pallet,3583152,403320.6666666667,11.256030072591582
115,14,Racking,3107328,106569.35714285713,3.429614033113245
115,14,Bins,10631520,185190.88095238095,1.7419040828816665
115,14,Hazmat,2015360,37223.0238095238,1.8469664878495058
115,15,Pallet,3583152,403320.6666666667,11.256030072591582
115,15,Racking,3107328,106569.35714285713,3.429614033113245
115,15,Bins,10631520,185190.88095238095,1.7419040828816665
115,15,Hazmat,2015360,37223.0238095238,1.8469664878495058
115,16,Pallet,3583152,403320.6666666667,11.256030072591582
115,16,Racking,3107328,106569.35714285713,3.429614033113245
115,16,Bins,10631520,185190.88095238095,1.7419040828816665
115,16,Hazmat,2015360,37223.0238095238,1.8469664878495058
115,17,Pallet,3583152,403320.6666666667,11.256030072591582
115,17,Racking,3107328,106569.35714285713,3.429614033113245
115,17,Bins,10631520,185190.88095238095,1.7419040828816665
115,17,Hazmat,2015360,37223.0238095238,1.8469664878495058
115,18,Pallet,3583152,403320.6666666667,11.256030072591582
115,18,Racking,3107328,106569.35714285713,3.429614033113245
115,18,Bins,10631520,185190.88095238095,1.7419040828816665
115,18,Hazmat,2015360,37223.0238095238,1.8469664878495058
115,19,Pallet,3583152,403320.6666666667,11.256030072591582
115,19,Racking,3107328,106569.35714285713,3.429614033113245
115,19,Bins,10631520,185190.88095238095,1.7419040828816665
115,19,Hazmat,2015360,37223.0238095238,1.8469664878495058
115,20,Pallet,3583152,403320.6666666667,11.256030072591582
115,20,Racking,3107328,106569.35714285713,3.429614033113245
115,20,Bins,10631520,185190.88095238095,1.7419040828816665
115,20,Hazmat,2015360,37223.0238095238,1.8469664878495058
115,21,Pallet,3583152,403320.6666666667,11.256030072591582
115,21,Racking,3107328,106569.35714285713,3.429614033113245
115,21,Bins,10631520,185190.88095238095,1.7419040828816665
115,21,Hazmat,2015360,37223.0238095238,1.8469664878495058
116,1,Pallet,3583152,313039.6904761905,8.736433466294216
116,1,Racking,3107328,83653.14285714286,2.692124643975237
116,1,Bins,10631520,135708.2380952381,1.2764707031096034
116,1,Hazmat,2015360,32013.73809523809,1.5884873221279616
116,2,Pallet,3583152,313039.6904761905,8.736433466294216
116,2,Racking,3107328,83653.14285714286,2.692124643975237
116,2,Bins,10631520,135708.2380952381,1.2764707031096034
116,2,Hazmat,2015360,32013.73809523809,1.5884873221279616
116,3,Pallet,3583152,313039.6904761905,8.736433466294216
116,3,Racking,3107328,83653.14285714286,2.692124643975237
116,3,Bins,10631520,135708.2380952381,1.2764707031096034
116,3,Hazmat,2015360,32013.73809523809,1.5884873221279616
116,4,Pallet,3583152,313039.6904761905,8.736433466294216
116,4,Racking,3107328,83653.14285714286,2.692124643975237
116,4,Bins,10631520,135708.2380952381,1.2764707031096034
116,4,Hazmat,2015360,32013.73809523809,1.5884873221279616
116,5,Pallet,3583152,313039.6904761905,8.736433466294216
116,5,Racking,3107328,83653.14285714286,2.692124643975237
116,5,Bins,10631520,135708.2380952381,1.2764707031096034
116,5,Hazmat,2015360,32013.73809523809,1.5884873221279616
116,6,Pallet,3583152,313039.6904761905,8.736433466294216
116,6,Racking,3107328,83653.14285714286,2.692124643975237
116,6,Bins,10631520,135708.2380952381,1.2764707031096034
116,6,Hazmat,2015360,32013.73809523809,1.5884873221279616
116,7,Pallet,3583152,313039.6904761905,8.736433466294216
116,7,Racking,3107328,83653.14285714286,2.692124643975237
116,7,Bins,10631520,135708.2380952381,1.2764707031096034
116,7,Hazmat,2015360,32013.73809523809,1.5884873221279616
116,8,Pallet,3583152,313039.6904761905,8.736433466294216
116,8,Racking,3107328,83653.14285714286,2.692124643975237
116,8,Bins,10631520,135708.2380952381,1.2764707031096034
116,8,Hazmat,2015360,32013.73809523809,1.5884873221279616
116,9,Pallet,3583152,313039.6904761905,8.736433466294216
116,9,Racking,3107328,83653.14285714286,2.692124643975237
116,9,Bins,10631520,135708.2380952381,1.2764707031096034
116,9,Hazmat,2015360,32013.73809523809,1.5884873221279616
116,10,Pallet,3583152,313039.6904761905,8.736433466294216
116,10,Racking,3107328,83653.14285714286,2.692124643975237
116,10,Bins,10631520,135708.2380952381,1.2764707031096034
116,10,Hazmat,2015360,32013.73809523809,1.5884873221279616
116,11,Pallet,3583152,313039.6904761905,8.736433466294216
116,11,Racking,3107328,83653.14285714286,2.692124643975237
116,11,Bins,10631520,135708.2380952381,1.2764707031096034
116,11,Hazmat,2015360,32013.73809523809,1.5884873221279616
116,12,Pallet,3583152,313039.6904761905,8.736433466294216
116,12,Racking,3107328,83653.14285714286,2.692124643975237
116,12,Bins,10631520,135708.2380952381,1.2764707031096034
116,12,Hazmat,2015360,32013.73809523809,1.5884873221279616
116,13,Pallet,3583152,313039.6904761905,8.736433466294216
116,13,Racking,3107328,83653.14285714286,2.692124643975237
116,13,Bins,10631520,135708.2380952381,1.2764707031096034
116,13,Hazmat,2015360,32013.73809523809,1.5884873221279616
116,14,Pallet,3583152,313039.6904761905,8.736433466294216
116,14,Racking,3107328,83653.14285714286,2.692124643975237
116,14,Bins,10631520,135708.2380952381,1.2764707031096034
116,14,Hazmat,2015360,32013.73809523809,1.5884873221279616
116,15,Pallet,3583152,313039.6904761905,8.736433466294216
116,15,Racking,3107328,83653.14285714286,2.692124643975237
116,15,Bins,10631520,135708.2380952381,1.2764707031096034
116,15,Hazmat,2015360,32013.73809523809,1.5884873221279616
116,16,Pallet,3583152,313039.6904761905,8.736433466294216
116,16,Racking,3107328,83653.14285714286,2.692124643975237
116,16,Bins,10631520,135708.2380952381,1.2764707031096034
116,16,Hazmat,2015360,32013.73809523809,1.5884873221279616
116,17,Pallet,3583152,313039.6904761905,8.736433466294216
116,17,Racking,3107328,83653.14285714286,2.692124643975237
116,17,Bins,10631520,135708.2380952381,1.2764707031096034
116,17,Hazmat,2015360,32013.73809523809,1.5884873221279616
116,18,Pallet,3583152,313039.6904761905,8.736433466294216
116,18,Racking,3107328,83653.14285714286,2.692124643975237
116,18,Bins,10631520,135708.2380952381,1.2764707031096034
116,18,Hazmat,2015360,32013.73809523809,1.5884873221279616
116,19,Pallet,3583152,313039.6904761905,8.736433466294216
116,19,Racking,3107328,83653.14285714286,2.692124643975237
116,19,Bins,10631520,135708.2380952381,1.2764707031096034
116,19,Hazmat,2015360,32013.73809523809,1.5884873221279616
116,20,Pallet,3583152,313039.6904761905,8.736433466294216
116,20,Racking,3107328,83653.14285714286,2.692124643975237
116,20,Bins,10631520,135708.2380952381,1.2764707031096034
116,20,Hazmat,2015360,32013.73809523809,1.5884873221279616
116,21,Pallet,3583152,313039.6904761905,8.736433466294216
116,21,Racking,3107328,83653.14285714286,2.692124643975237
116,21,Bins,10631520,135708.2380952381,1.2764707031096034
116,21,Hazmat,2015360,32013.73809523809,1.5884873221279616
117,1,Pallet,3583152,247485.64285714287,6.906925602294931
117,1,Racking,3107328,64442.23809523809,2.0738794905216986
117,1,Bins,10631520,113702.02380952382,1.0694804111690879
117,1,Hazmat,2015360,26600.47619047619,1.319887076774184
117,2,Pallet,3583152,247485.64285714287,6.906925602294931
117,2,Racking,3107328,64442.23809523809,2.0738794905216986
117,2,Bins,10631520,113702.02380952382,1.0694804111690879
117,2,Hazmat,2015360,26600.47619047619,1.319887076774184
117,3,Pallet,3583152,247485.64285714287,6.906925602294931
117,3,Racking,3107328,64442.23809523809,2.0738794905216986
117,3,Bins,10631520,113702.02380952382,1.0694804111690879
117,3,Hazmat,2015360,26600.47619047619,1.319887076774184
117,4,Pallet,3583152,247485.64285714287,6.906925602294931
117,4,Racking,3107328,64442.23809523809,2.0738794905216986
117,4,Bins,10631520,113702.02380952382,1.0694804111690879
117,4,Hazmat,2015360,26600.47619047619,1.319887076774184
117,5,Pallet,3583152,247485.64285714287,6.906925602294931
117,5,Racking,3107328,64442.23809523809,2.0738794905216986
117,5,Bins,10631520,113702.02380952382,1.0694804111690879
117,5,Hazmat,2015360,26600.47619047619,1.319887076774184
117,6,Pallet,3583152,247485.64285714287,6.906925602294931
117,6,Racking,3107328,64442.23809523809,2.0738794905216986
117,6,Bins,10631520,113702.02380952382,1.0694804111690879
117,6,Hazmat,2015360,26600.47619047619,1.319887076774184
117,7,Pallet,3583152,247485.64285714287,6.906925602294931
117,7,Racking,3107328,64442.23809523809,2.0738794905216986
117,7,Bins,10631520,113702.02380952382,1.0694804111690879
117,7,Hazmat,2015360,26600.47619047619,1.319887076774184
117,8,Pallet,3583152,247485.64285714287,6.906925602294931
117,8,Racking,3107328,64442.23809523809,2.0738794905216986
117,8,Bins,10631520,113702.02380952382,1.0694804111690879
117,8,Hazmat,2015360,26600.47619047619,1.319887076774184
117,9,Pallet,3583152,247485.64285714287,6.906925602294931
117,9,Racking,3107328,64442.23809523809,2.0738794905216986
117,9,Bins,10631520,113702.02380952382,1.0694804111690879
117,9,Hazmat,2015360,26600.47619047619,1.319887076774184
117,10,Pallet,3583152,247485.64285714287,6.906925602294931
117,10,Racking,3107328,64442.23809523809,2.0738794905216986
117,10,Bins,10631520,113702.02380952382,1.0694804111690879
117,10,Hazmat,2015360,26600.47619047619,1.319887076774184
117,11,Pallet,3583152,247485.64285714287,6.906925602294931
117,11,Racking,3107328,64442.23809523809,2.0738794905216986
117,11,Bins,10631520,113702.02380952382,1.0694804111690879
117,11,Hazmat,2015360,26600.47619047619,1.319887076774184
117,12,Pallet,3583152,247485.64285714287,6.906925602294931
117,12,Racking,3107328,64442.23809523809,2.0738794905216986
117,12,Bins,10631520,113702.02380952382,1.0694804111690879
117,12,Hazmat,2015360,26600.47619047619,1.319887076774184
117,13,Pallet,3583152,247485.64285714287,6.906925602294931
117,13,Racking,3107328,64442.23809523809,2.0738794905216986
117,13,Bins,10631520,113702.02380952382,1.0694804111690879
117,13,Hazmat,2015360,26600.47619047619,1.319887076774184
117,14,Pallet,3583152,247485.64285714287,6.906925602294931
117,14,Racking,3107328,64442.23809523809,2.0738794905216986
117,14,Bins,10631520,113702.02380952382,1.0694804111690879
117,14,Hazmat,2015360,26600.47619047619,1.319887076774184
117,15,Pallet,3583152,247485.64285714287,6.906925602294931
117,15,Racking,3107328,64442.23809523809,2.0738794905216986
117,15,Bins,10631520,113702.02380952382,1.0694804111690879
117,15,Hazmat,2015360,26600.47619047619,1.319887076774184
117,16,Pallet,3583152,247485.64285714287,6.906925602294931
117,16,Racking,3107328,64442.23809523809,2.0738794905216986
117,16,Bins,10631520,113702.02380952382,1.0694804111690879
117,16,Hazmat,2015360,26600.47619047619,1.319887076774184
117,17,Pallet,3583152,247485.64285714287,6.906925602294931
117,17,Racking,3107328,64442.23809523809,2.0738794905216986
117,17,Bins,10631520,113702.02380952382,1.0694804111690879
117,17,Hazmat,2015360,26600.47619047619,1.319887076774184
117,18,Pallet,3583152,247485.64285714287,6.906925602294931
117,18,Racking,3107328,64442.23809523809,2.0738794905216986
117,18,Bins,10631520,113702.02380952382,1.0694804111690879
117,18,Hazmat,2015360,26600.47619047619,1.319887076774184
117,19,Pallet,3583152,247485.64285714287,6.906925602294931
117,19,Racking,3107328,64442.23809523809,2.0738794905216986
117,19,Bins,10631520,113702.02380952382,1.0694804111690879
117,19,Hazmat,2015360,26600.47619047619,1.319887076774184
117,20,Pallet,3583152,247485.64285714287,6.906925602294931
117,20,Racking,3107328,64442.23809523809,2.0738794905216986
117,20,Bins,10631520,113702.02380952382,1.0694804111690879
117,20,Hazmat,2015360,26600.47619047619,1.319887076774184
117,21,Pallet,3583152,247485.64285714287,6.906925602294931
117,21,Racking,3107328,64442.23809523809,2.0738794905216986
117,21,Bins,10631520,113702.02380952382,1.0694804111690879
117,21,Hazmat,2015360,26600.47619047619,1.319887076774184
118,1,Pallet,3583152,251756.7619047619,7.0261256543055355
118,1,Racking,3107328,70849.69047619047,2.280084061810999
118,1,Bins,10631520,118765.83333333334,1.1171105668176644
118,1,Hazmat,2015360,26250.40476190476,1.3025169082399553
118,2,Pallet,3583152,251756.7619047619,7.0261256543055355
118,2,Racking,3107328,70849.69047619047,2.280084061810999
118,2,Bins,10631520,118765.83333333334,1.1171105668176644
118,2,Hazmat,2015360,26250.40476190476,1.3025169082399553
118,3,Pallet,3583152,251756.7619047619,7.0261256543055355
118,3,Racking,3107328,70849.69047619047,2.280084061810999
118,3,Bins,10631520,118765.83333333334,1.1171105668176644
118,3,Hazmat,2015360,26250.40476190476,1.3025169082399553
118,4,Pallet,3583152,251756.7619047619,7.0261256543055355
118,4,Racking,3107328,70849.69047619047,2.280084061810999
118,4,Bins,10631520,118765.83333333334,1.1171105668176644
118,4,Hazmat,2015360,26250.40476190476,1.3025169082399553
118,5,Pallet,3583152,251756.7619047619,7.0261256543055355
118,5,Racking,3107328,70849.69047619047,2.280084061810999
118,5,Bins,10631520,118765.83333333334,1.1171105668176644
118,5,Hazmat,2015360,26250.40476190476,1.3025169082399553
118,6,Pallet,3583152,251756.7619047619,7.0261256543055355
118,6,Racking,3107328,70849.69047619047,2.280084061810999
118,6,Bins,10631520,118765.83333333334,1.1171105668176644
118,6,Hazmat,2015360,26250.40476190476,1.3025169082399553
118,7,Pallet,3583152,251756.7619047619,7.0261256543055355
118,7,Racking,3107328,70849.69047619047,2.280084061810999
118,7,Bins,10631520,118765.83333333334,1.1171105668176644
118,7,Hazmat,2015360,26250.40476190476,1.3025169082399553
118,8,Pallet,3583152,251756.7619047619,7.0261256543055355
118,8,Racking,3107328,70849.69047619047,2.280084061810999
118,8,Bins,10631520,118765.83333333334,1.1171105668176644
118,8,Hazmat,2015360,26250.40476190476,1.3025169082399553
118,9,Pallet,3583152,251756.7619047619,7.0261256543055355
118,9,Racking,3107328,70849.69047619047,2.280084061810999
118,9,Bins,10631520,118765.83333333334,1.1171105668176644
118,9,Hazmat,2015360,26250.40476190476,1.3025169082399553
118,10,Pallet,3583152,251756.7619047619,7.0261256543055355
118,10,Racking,3107328,70849.69047619047,2.280084061810999
118,10,Bins,10631520,118765.83333333334,1.1171105668176644
118,10,Hazmat,2015360,26250.40476190476,1.3025169082399553
118,11,Pallet,3583152,251756.7619047619,7.0261256543055355
118,11,Racking,3107328,70849.69047619047,2.280084061810999
118,11,Bins,10631520,118765.83333333334,1.1171105668176644
118,11,Hazmat,2015360,26250.40476190476,1.3025169082399553
118,12,Pallet,3583152,251756.7619047619,7.0261256543055355
118,12,Racking,3107328,70849.69047619047,2.280084061810999
118,12,Bins,10631520,118765.83333333334,1.1171105668176644
118,12,Hazmat,2015360,26250.40476190476,1.3025169082399553
118,13,Pallet,3583152,251756.7619047619,7.0261256543055355
118,13,Racking,3107328,70849.69047619047,2.280084061810999
118,13,Bins,10631520,118765.83333333334,1.1171105668176644
118,13,Hazmat,2015360,26250.40476190476,1.3025169082399553
118,14,Pallet,3583152,251756.7619047619,7.0261256543055355
118,14,Racking,3107328,70849.69047619047,2.280084061810999
118,14,Bins,10631520,118765.83333333334,1.1171105668176644
118,14,Hazmat,2015360,26250.40476190476,1.3025169082399553
118,15,Pallet,3583152,251756.7619047619,7.0261256543055355
118,15,Racking,3107328,70849.69047619047,2.280084061810999
118,15,Bins,10631520,118765.83333333334,1.1171105668176644
118,15,Hazmat,2015360,26250.40476190476,1.3025169082399553
118,16,Pallet,3583152,251756.7619047619,7.0261256543055355
118,16,Racking,3107328,70849.69047619047,2.280084061810999
118,16,Bins,10631520,118765.83333333334,1.1171105668176644
118,16,Hazmat,2015360,26250.40476190476,1.3025169082399553
118,17,Pallet,3583152,251756.7619047619,7.0261256543055355
118,17,Racking,3107328,70849.69047619047,2.280084061810999
118,17,Bins,10631520,118765.83333333334,1.1171105668176644
118,17,Hazmat,2015360,26250.40476190476,1.3025169082399553
118,18,Pallet,3583152,251756.7619047619,7.0261256543055355
118,18,Racking,3107328,70849.69047619047,2.280084061810999
118,18,Bins,10631520,118765.83333333334,1.1171105668176644
118,18,Hazmat,2015360,26250.40476190476,1.3025169082399553
118,19,Pallet,3583152,251756.7619047619,7.0261256543055355
118,19,Racking,3107328,70849.69047619047,2.280084061810999
118,19,Bins,10631520,118765.83333333334,1.1171105668176644
118,19,Hazmat,2015360,26250.40476190476,1.3025169082399553
118,20,Pallet,3583152,251756.7619047619,7.0261256543055355
118,20,Racking,3107328,70849.69047619047,2.280084061810999
118,20,Bins,10631520,118765.83333333334,1.1171105668176644
118,20,Hazmat,2015360,26250.40476190476,1.3025169082399553
118,21,Pallet,3583152,251756.7619047619,7.0261256543055355
118,21,Racking,3107328,70849.69047619047,2.280084061810999
118,21,Bins,10631520,118765.83333333334,1.1171105668176644
118,21,Hazmat,2015360,26250.40476190476,1.3025169082399553
119,1,Pallet,3583152,235117.38095238095,6.56174733732705
119,1,Racking,3107328,61117.0238095238,1.9668674761571292
119,1,Bins,10631520,106971.11904761905,1.0061695698039326
119,1,Hazmat,2015360,20445.904761904763,1.0145038485384628
119,2,Pallet,3583152,235117.38095238095,6.56174733732705
119,2,Racking,3107328,61117.0238095238,1.9668674761571292
119,2,Bins,10631520,106971.11904761905,1.0061695698039326
119,2,Hazmat,2015360,20445.904761904763,1.0145038485384628
119,3,Pallet,3583152,235117.38095238095,6.56174733732705
119,3,Racking,3107328,61117.0238095238,1.9668674761571292
119,3,Bins,10631520,106971.11904761905,1.0061695698039326
119,3,Hazmat,2015360,20445.904761904763,1.0145038485384628
119,4,Pallet,3583152,235117.38095238095,6.56174733732705
119,4,Racking,3107328,61117.0238095238,1.9668674761571292
119,4,Bins,10631520,106971.11904761905,1.0061695698039326
119,4,Hazmat,2015360,20445.904761904763,1.0145038485384628
119,5,Pallet,3583152,235117.38095238095,6.56174733732705
119,5,Racking,3107328,61117.0238095238,1.9668674761571292
119,5,Bins,10631520,106971.11904761905,1.0061695698039326
119,5,Hazmat,2015360,20445.904761904763,1.0145038485384628
119,6,Pallet,3583152,235117.38095238095,6.56174733732705
119,6,Racking,3107328,61117.0238095238,1.9668674761571292
119,6,Bins,10631520,106971.11904761905,1.0061695698039326
119,6,Hazmat,2015360,20445.904761904763,1.0145038485384628
119,7,Pallet,3583152,235117.38095238095,6.56174733732705
119,7,Racking,3107328,61117.0238095238,1.9668674761571292
119,7,Bins,10631520,106971.11904761905,1.0061695698039326
119,7,Hazmat,2015360,20445.904761904763,1.0145038485384628
119,8,Pallet,3583152,235117.38095238095,6.56174733732705
119,8,Racking,3107328,61117.0238095238,1.9668674761571292
119,8,Bins,10631520,106971.11904761905,1.0061695698039326
119,8,Hazmat,2015360,20445.904761904763,1.0145038485384628
119,9,Pallet,3583152,235117.38095238095,6.56174733732705
119,9,Racking,3107328,61117.0238095238,1.9668674761571292
119,9,Bins,10631520,106971.11904761905,1.0061695698039326
119,9,Hazmat,2015360,20445.904761904763,1.0145038485384628
119,10,Pallet,3583152,235117.38095238095,6.56174733732705
119,10,Racking,3107328,61117.0238095238,1.9668674761571292
119,10,Bins,10631520,106971.11904761905,1.0061695698039326
119,10,Hazmat,2015360,20445.904761904763,1.0145038485384628
119,11,Pallet,3583152,235117.38095238095,6.56174733732705
119,11,Racking,3107328,61117.0238095238,1.9668674761571292
119,11,Bins,10631520,106971.11904761905,1.0061695698039326
119,11,Hazmat,2015360,20445.904761904763,1.0145038485384628
119,12,Pallet,3583152,235117.38095238095,6.56174733732705
119,12,Racking,3107328,61117.0238095238,1.9668674761571292
119,12,Bins,10631520,106971.11904761905,1.0061695698039326
119,12,Hazmat,2015360,20445.904761904763,1.0145038485384628
119,13,Pallet,3583152,235117.38095238095,6.56174733732705
119,13,Racking,3107328,61117.0238095238,1.9668674761571292
119,13,Bins,10631520,106971.11904761905,1.0061695698039326
119,13,Hazmat,2015360,20445.904761904763,1.0145038485384628
119,14,Pallet,3583152,235117.38095238095,6.56174733732705
119,14,Racking,3107328,61117.0238095238,1.9668674761571292
119,14,Bins,10631520,106971.11904761905,1.0061695698039326
119,14,Hazmat,2015360,20445.904761904763,1.0145038485384628
119,15,Pallet,3583152,235117.38095238095,6.56174733732705
119,15,Racking,3107328,61117.0238095238,1.9668674761571292
119,15,Bins,10631520,106971.11904761905,1.0061695698039326
119,15,Hazmat,2015360,20445.904761904763,1.0145038485384628
119,16,Pallet,3583152,235117.38095238095,6.56174733732705
119,16,Racking,3107328,61117.0238095238,1.9668674761571292
119,16,Bins,10631520,106971.11904761905,1.0061695698039326
119,16,Hazmat,2015360,20445.904761904763,1.0145038485384628
119,17,Pallet,3583152,235117.38095238095,6.56174733732705
119,17,Racking,3107328,61117.0238095238,1.9668674761571292
119,17,Bins,10631520,106971.11904761905,1.0061695698039326
119,17,Hazmat,2015360,20445.904761904763,1.0145038485384628
119,18,Pallet,3583152,235117.38095238095,6.56174733732705
119,18,Racking,3107328,61117.0238095238,1.9668674761571292
119,18,Bins,10631520,106971.11904761905,1.0061695698039326
119,18,Hazmat,2015360,20445.904761904763,1.0145038485384628
119,19,Pallet,3583152,235117.38095238095,6.56174733732705
119,19,Racking,3107328,61117.0238095238,1.9668674761571292
119,19,Bins,10631520,106971.11904761905,1.0061695698039326
119,19,Hazmat,2015360,20445.904761904763,1.0145038485384628
119,20,Pallet,3583152,235117.38095238095,6.56174733732705
119,20,Racking,3107328,61117.0238095238,1.9668674761571292
119,20,Bins,10631520,106971.11904761905,1.0061695698039326
119,20,Hazmat,2015360,20445.904761904763,1.0145038485384628
119,21,Pallet,3583152,235117.38095238095,6.56174733732705
119,21,Racking,3107328,61117.0238095238,1.9668674761571292
119,21,Bins,10631520,106971.11904761905,1.0061695698039326
119,21,Hazmat,2015360,20445.904761904763,1.0145038485384628
120,1,Pallet,3583152,232122.7380952381,6.478171679438609
120,1,Racking,3107328,59605.0,1.918207540369089
120,1,Bins,10631520,107238.23809523809,1.0086820896281818
120,1,Hazmat,2015360,19774.238095238095,0.9811764694763266
120,2,Pallet,3583152,232122.7380952381,6.478171679438609
120,2,Racking,3107328,59605.0,1.918207540369089
120,2,Bins,10631520,107238.23809523809,1.0086820896281818
120,2,Hazmat,2015360,19774.238095238095,0.9811764694763266
120,3,Pallet,3583152,232122.7380952381,6.478171679438609
120,3,Racking,3107328,59605.0,1.918207540369089
120,3,Bins,10631520,107238.23809523809,1.0086820896281818
120,3,Hazmat,2015360,19774.238095238095,0.9811764694763266
120,4,Pallet,3583152,232122.7380952381,6.478171679438609
120,4,Racking,3107328,59605.0,1.918207540369089
120,4,Bins,10631520,107238.23809523809,1.0086820896281818
120,4,Hazmat,2015360,19774.238095238095,0.9811764694763266
120,5,Pallet,3583152,232122.7380952381,6.478171679438609
120,5,Racking,3107328,59605.0,1.918207540369089
120,5,Bins,10631520,107238.23809523809,1.0086820896281818
120,5,Hazmat,2015360,19774.238095238095,0.9811764694763266
120,6,Pallet,3583152,232122.7380952381,6.478171679438609
120,6,Racking,3107328,59605.0,1.918207540369089
120,6,Bins,10631520,107238.23809523809,1.0086820896281818
120,6,Hazmat,2015360,19774.238095238095,0.9811764694763266
120,7,Pallet,3583152,232122.7380952381,6.478171679438609
120,7,Racking,3107328,59605.0,1.918207540369089
120,7,Bins,10631520,107238.23809523809,1.0086820896281818
120,7,Hazmat,2015360,19774.238095238095,0.9811764694763266
120,8,Pallet,3583152,232122.7380952381,6.478171679438609
120,8,Racking,3107328,59605.0,1.918207540369089
120,8,Bins,10631520,107238.23809523809,1.0086820896281818
120,8,Hazmat,2015360,19774.238095238095,0.9811764694763266
120,9,Pallet,3583152,232122.7380952381,6.478171679438609
120,9,Racking,3107328,59605.0,1.918207540369089
120,9,Bins,10631520,107238.23809523809,1.0086820896281818
120,9,Hazmat,2015360,19774.238095238095,0.9811764694763266
120,10,Pallet,3583152,232122.7380952381,6.478171679438609
120,10,Racking,3107328,59605.0,1.918207540369089
120,10,Bins,10631520,107238.23809523809,1.0086820896281818
120,10,Hazmat,2015360,19774.238095238095,0.9811764694763266
120,11,Pallet,3583152,232122.7380952381,6.478171679438609
120,11,Racking,3107328,59605.0,1.918207540369089
120,11,Bins,10631520,107238.23809523809,1.0086820896281818
120,11,Hazmat,2015360,19774.238095238095,0.9811764694763266
120,12,Pallet,3583152,232122.7380952381,6.478171679438609
120,12,Racking,3107328,59605.0,1.918207540369089
120,12,Bins,10631520,107238.23809523809,1.0086820896281818
120,12,Hazmat,2015360,19774.238095238095,0.9811764694763266
120,13,Pallet,3583152,232122.7380952381,6.478171679438609
120,13,Racking,3107328,59605.0,1.918207540369089
120,13,Bins,10631520,107238.23809523809,1.0086820896281818
120,13,Hazmat,2015360,19774.238095238095,0.9811764694763266
120,14,Pallet,3583152,232122.7380952381,6.478171679438609
120,14,Racking,3107328,59605.0,1.918207540369089
120,14,Bins,10631520,107238.23809523809,1.0086820896281818
120,14,Hazmat,2015360,19774.238095238095,0.9811764694763266
120,15,Pallet,3583152,232122.7380952381,6.478171679438609
120,15,Racking,3107328,59605.0,1.918207540369089
120,15,Bins,10631520,107238.23809523809,1.0086820896281818
120,15,Hazmat,2015360,19774.238095238095,0.9811764694763266
120,16,Pallet,3583152,232122.7380952381,6.478171679438609
120,16,Racking,3107328,59605.0,1.918207540369089
120,16,Bins,10631520,107238.23809523809,1.0086820896281818
120,16,Hazmat,2015360,19774.238095238095,0.9811764694763266
120,17,Pallet,3583152,232122.7380952381,6.478171679438609
120,17,Racking,3107328,59605.0,1.918207540369089
120,17,Bins,10631520,107238.23809523809,1.0086820896281818
120,17,Hazmat,2015360,19774.238095238095,0.9811764694763266
120,18,Pallet,3583152,232122.7380952381,6.478171679438609
120,18,Racking,3107328,59605.0,1.918207540369089
120,18,Bins,10631520,107238.23809523809,1.0086820896281818
120,18,Hazmat,2015360,19774.238095238095,0.9811764694763266
120,19,Pallet,3583152,232122.7380952381,6.478171679438609
120,19,Racking,3107328,59605.0,1.918207540369089
120,19,Bins,10631520,107238.23809523809,1.0086820896281818
120,19,Hazmat,2015360,19774.238095238095,0.9811764694763266
120,20,Pallet,3583152,232122.7380952381,6.478171679438609
120,20,Racking,3107328,59605.0,1.918207540369089
120,20,Bins,10631520,107238.23809523809,1.0086820896281818
120,20,Hazmat,2015360,19774.238095238095,0.9811764694763266
120,21,Pallet,3583152,232122.7380952381,6.478171679438609
120,21,Racking,3107328,59605.0,1.918207540369089
120,21,Bins,10631520,107238.23809523809,1.0086820896281818
120,21,Hazmat,2015360,19774.238095238095,0.9811764694763266
